<?xml version="1.0" encoding="UTF-8"?>
<!DOCTYPE hibernate-configuration PUBLIC "-//Hibernate/Hibernate Configuration DTD 3.0//EN" "http://hibernate.sourceforge.net/hibernate-configuration-3.0.dtd">
<hibernate-configuration>
  <session-factory>
    <property name="hibernate.dialect">org.hibernate.dialect.Oracle8iDialect</property>
    <property name="hibernate.connection.driver_class">oracle.jdbc.OracleDriver</property>
    <property name="hibernate.hbm2ddl.auto">update</property>
    <!-- fill your code here-->
   <property name = "show_sql">true</property>
   <mapping class = "entity.Customer"/>
   <mapping class = "entity.Manager"/>
   <mapping class = "entity.Item"/>
   <mapping class = "entity.Request"/>
   <mapping class = "entity.Coupon"/>
  </session-factory>
</hibernate-configuration>